season,gameweek,date,home_team,away_team,pred_result,actual_result,correct,prob_H,prob_D,prob_A
2025-2026,12,2025-11-22,AFC Bournemouth,West Ham United FC,A,D,False,0.3907505,0.20394042,0.4053091
2025-2026,12,2025-11-22,Brighton & Hove Albion FC,Brentford FC,H,H,True,0.6921022,0.08432929,0.22356856
2025-2026,12,2025-11-22,Burnley FC,Chelsea FC,H,A,False,0.52710223,0.33730245,0.13559532
2025-2026,12,2025-11-22,Fulham FC,Sunderland AFC,H,H,True,0.72217774,0.1632319,0.11459033
2025-2026,12,2025-11-22,Liverpool FC,Nottingham Forest FC,D,A,False,0.18259954,0.7327636,0.084636874
2025-2026,12,2025-11-22,Newcastle United FC,Manchester City FC,D,H,False,0.3469447,0.5585254,0.09452991
2025-2026,12,2025-11-22,Wolverhampton Wanderers FC,Crystal Palace FC,H,A,False,0.5893303,0.19232315,0.21834654
2025-2026,12,2025-11-23,Arsenal FC,Tottenham Hotspur FC,H,H,True,0.77939415,0.028426828,0.19217896
2025-2026,12,2025-11-23,Leeds United FC,Aston Villa FC,D,A,False,0.41462904,0.5037067,0.08166423
2025-2026,12,2025-11-24,Manchester United FC,Everton FC,H,A,False,0.51594824,0.21035579,0.273696
2025-2026,13,2025-11-29,Brentford FC,Burnley FC,H,H,True,0.48700994,0.19102703,0.321963
2025-2026,13,2025-11-29,Everton FC,Newcastle United FC,D,A,False,0.23609455,0.48686662,0.27703884
2025-2026,13,2025-11-29,Manchester City FC,Leeds United FC,A,H,False,0.28789732,0.085486315,0.62661636
2025-2026,13,2025-11-29,Sunderland AFC,AFC Bournemouth,H,H,True,0.4319402,0.3949295,0.17313029
2025-2026,13,2025-11-29,Tottenham Hotspur FC,Fulham FC,D,A,False,0.29938018,0.37233266,0.32828718
2025-2026,13,2025-11-30,Aston Villa FC,Wolverhampton Wanderers FC,H,H,True,0.7962347,0.052219875,0.15154536
2025-2026,13,2025-11-30,Chelsea FC,Arsenal FC,H,D,False,0.6821666,0.113377616,0.20445578
2025-2026,13,2025-11-30,Crystal Palace FC,Manchester United FC,D,A,False,0.38929212,0.480013,0.1306949
2025-2026,13,2025-11-30,Nottingham Forest FC,Brighton & Hove Albion FC,H,A,False,0.7311524,0.082604066,0.18624358
2025-2026,13,2025-11-30,West Ham United FC,Liverpool FC,D,A,False,0.3701375,0.4211087,0.20875375
2025-2026,14,2025-12-02,AFC Bournemouth,Everton FC,D,A,False,0.2797866,0.46172,0.25849348
2025-2026,14,2025-12-02,Fulham FC,Manchester City FC,H,A,False,0.5409488,0.32690543,0.13214575
2025-2026,14,2025-12-02,Newcastle United FC,Tottenham Hotspur FC,H,D,False,0.50372297,0.3568651,0.1394119
2025-2026,14,2025-12-03,Arsenal FC,Brentford FC,H,H,True,0.6786779,0.044130787,0.27719128
2025-2026,14,2025-12-03,Brighton & Hove Albion FC,Aston Villa FC,H,A,False,0.6487685,0.10244927,0.24878219
2025-2026,14,2025-12-03,Burnley FC,Crystal Palace FC,H,A,False,0.5134444,0.26763546,0.21892013
2025-2026,14,2025-12-03,Leeds United FC,Chelsea FC,D,H,False,0.33164477,0.5555602,0.11279502
2025-2026,14,2025-12-03,Liverpool FC,Sunderland AFC,H,D,False,0.77915037,0.15520075,0.06564893
2025-2026,14,2025-12-03,Wolverhampton Wanderers FC,Nottingham Forest FC,H,A,False,0.38791814,0.3580828,0.2539991
2025-2026,14,2025-12-04,Manchester United FC,West Ham United FC,H,D,False,0.52586085,0.15786153,0.31627768
2025-2026,15,2025-12-06,AFC Bournemouth,Chelsea FC,D,D,True,0.17114146,0.5357748,0.29308373
2025-2026,15,2025-12-06,Aston Villa FC,Arsenal FC,H,H,True,0.6808627,0.10793741,0.21119988
2025-2026,15,2025-12-06,Everton FC,Nottingham Forest FC,D,H,False,0.16055623,0.6906807,0.14876312
2025-2026,15,2025-12-06,Leeds United FC,Liverpool FC,D,D,True,0.28643024,0.4514523,0.26211742
2025-2026,15,2025-12-06,Manchester City FC,Sunderland AFC,H,H,True,0.63942206,0.056441348,0.3041366
2025-2026,15,2025-12-06,Newcastle United FC,Burnley FC,D,H,False,0.4012124,0.40826923,0.19051841
2025-2026,15,2025-12-06,Tottenham Hotspur FC,Brentford FC,H,H,True,0.5927235,0.20740998,0.19986658
2025-2026,15,2025-12-07,Brighton & Hove Albion FC,West Ham United FC,H,D,False,0.49797484,0.15220213,0.3498231
2025-2026,15,2025-12-07,Fulham FC,Crystal Palace FC,H,A,False,0.540825,0.24315616,0.21601883
2025-2026,15,2025-12-08,Wolverhampton Wanderers FC,Manchester United FC,H,A,False,0.5511937,0.2668368,0.18196946
2025-2026,16,2025-12-13,Arsenal FC,Wolverhampton Wanderers FC,H,H,True,0.8245928,0.031369355,0.14403781
2025-2026,16,2025-12-13,Burnley FC,Fulham FC,A,A,True,0.21730988,0.39064926,0.39204085
2025-2026,16,2025-12-13,Chelsea FC,Everton FC,H,H,True,0.69152015,0.11217184,0.19630799
2025-2026,16,2025-12-13,Liverpool FC,Brighton & Hove Albion FC,D,H,False,0.38051316,0.47572213,0.14376473
2025-2026,16,2025-12-14,Brentford FC,Leeds United FC,A,D,False,0.33942378,0.18923172,0.47134453
2025-2026,16,2025-12-14,Crystal Palace FC,Manchester City FC,H,A,False,0.67450356,0.23717476,0.08832165
2025-2026,16,2025-12-14,Nottingham Forest FC,Tottenham Hotspur FC,H,H,True,0.72581005,0.10270338,0.17148662
2025-2026,16,2025-12-14,Sunderland AFC,Newcastle United FC,D,H,False,0.23113284,0.652379,0.116488144
2025-2026,16,2025-12-14,West Ham United FC,Aston Villa FC,H,A,False,0.5565637,0.36670804,0.076728344
2025-2026,16,2025-12-15,Manchester United FC,AFC Bournemouth,H,D,False,0.49616432,0.14949836,0.35433733
2025-2026,17,2025-12-20,AFC Bournemouth,Burnley FC,A,D,False,0.2722875,0.34206587,0.38564664
2025-2026,17,2025-12-20,Brighton & Hove Albion FC,Sunderland AFC,H,D,False,0.8681818,0.023293573,0.108524635
2025-2026,17,2025-12-20,Everton FC,Arsenal FC,D,A,False,0.21641922,0.5934584,0.19012238
2025-2026,17,2025-12-20,Leeds United FC,Crystal Palace FC,D,H,False,0.3535592,0.42489815,0.22154263
2025-2026,17,2025-12-20,Manchester City FC,West Ham United FC,H,H,True,0.47313434,0.09816302,0.42870265
2025-2026,17,2025-12-20,Newcastle United FC,Chelsea FC,D,D,True,0.4189878,0.48386958,0.09714264
2025-2026,17,2025-12-20,Tottenham Hotspur FC,Liverpool FC,H,A,False,0.50140834,0.19834074,0.30025095
2025-2026,17,2025-12-20,Wolverhampton Wanderers FC,Brentford FC,H,A,False,0.6572224,0.16521841,0.17755927
2025-2026,17,2025-12-21,Aston Villa FC,Manchester United FC,H,H,True,0.49286726,0.10993956,0.39719316
2025-2026,17,2025-12-22,Fulham FC,Nottingham Forest FC,D,H,False,0.3035992,0.50341165,0.19298917
2025-2026,18,2025-12-26,Manchester United FC,Newcastle United FC,A,H,False,0.31311446,0.30187732,0.3850082
2025-2026,18,2025-12-27,Arsenal FC,Brighton & Hove Albion FC,H,H,True,0.6099736,0.03643769,0.3535887
2025-2026,18,2025-12-27,Brentford FC,AFC Bournemouth,H,H,True,0.7157166,0.060936023,0.2233474
2025-2026,18,2025-12-27,Burnley FC,Everton FC,H,D,False,0.43837836,0.206918,0.35470366
2025-2026,18,2025-12-27,Chelsea FC,Aston Villa FC,H,A,False,0.57640475,0.085951194,0.3376441
2025-2026,18,2025-12-27,Liverpool FC,Wolverhampton Wanderers FC,H,H,True,0.7718051,0.18802926,0.040165618
2025-2026,18,2025-12-27,Nottingham Forest FC,Manchester City FC,H,A,False,0.7805861,0.11665188,0.10276197
2025-2026,18,2025-12-27,West Ham United FC,Fulham FC,H,A,False,0.42736572,0.40416542,0.1684688
2025-2026,18,2025-12-28,Crystal Palace FC,Tottenham Hotspur FC,H,A,False,0.61209667,0.24173084,0.14617252
2025-2026,18,2025-12-28,Sunderland AFC,Leeds United FC,D,D,True,0.23905346,0.5174146,0.2435319
2025-2026,19,2025-12-30,Arsenal FC,Aston Villa FC,H,H,True,0.68732005,0.060641773,0.2520382
2025-2026,19,2025-12-30,Burnley FC,Newcastle United FC,H,A,False,0.45662174,0.2990296,0.24434863
2025-2026,19,2025-12-30,Chelsea FC,AFC Bournemouth,H,D,False,0.57033676,0.09016509,0.3394981
2025-2026,19,2025-12-30,Manchester United FC,Wolverhampton Wanderers FC,H,D,False,0.7609147,0.1167308,0.12235454
2025-2026,19,2025-12-30,Nottingham Forest FC,Everton FC,H,A,False,0.6725842,0.099905655,0.2275101
2025-2026,19,2025-12-30,West Ham United FC,Brighton & Hove Albion FC,H,D,False,0.4394568,0.40246534,0.1580779
2025-2026,19,2026-01-01,Brentford FC,Tottenham Hotspur FC,H,D,False,0.8344834,0.047812752,0.117703885
2025-2026,19,2026-01-01,Crystal Palace FC,Fulham FC,D,D,True,0.23132274,0.5751744,0.19350281
2025-2026,19,2026-01-01,Liverpool FC,Leeds United FC,D,D,True,0.18999135,0.73178124,0.0782274
2025-2026,19,2026-01-01,Sunderland AFC,Manchester City FC,H,D,False,0.7511023,0.16118026,0.08771744
2025-2026,20,2026-01-03,AFC Bournemouth,Arsenal FC,D,A,False,0.32396996,0.46708468,0.20894533
2025-2026,20,2026-01-03,Aston Villa FC,Nottingham Forest FC,H,H,True,0.5016076,0.09894022,0.39945215
2025-2026,20,2026-01-03,Brighton & Hove Albion FC,Burnley FC,H,H,True,0.592871,0.18874182,0.21838713
2025-2026,20,2026-01-03,Wolverhampton Wanderers FC,West Ham United FC,H,H,True,0.4934309,0.24995378,0.2566153
2025-2026,20,2026-01-04,Everton FC,Brentford FC,D,A,False,0.2937726,0.52975494,0.17647243
2025-2026,20,2026-01-04,Fulham FC,Liverpool FC,H,D,False,0.37586045,0.33436745,0.28977212
2025-2026,20,2026-01-04,Leeds United FC,Manchester United FC,D,D,True,0.35436267,0.55551493,0.09012237
2025-2026,20,2026-01-04,Manchester City FC,Chelsea FC,H,D,False,0.5402959,0.06426527,0.3954388
2025-2026,20,2026-01-04,Newcastle United FC,Crystal Palace FC,H,H,True,0.45995212,0.41059014,0.12945773
2025-2026,20,2026-01-04,Tottenham Hotspur FC,Sunderland AFC,H,D,False,0.8476922,0.038866937,0.11344085
2025-2026,21,2026-01-06,West Ham United FC,Nottingham Forest FC,D,A,False,0.2552838,0.6079766,0.13673961
2025-2026,21,2026-01-07,AFC Bournemouth,Tottenham Hotspur FC,A,H,False,0.31116554,0.34169215,0.34714225
2025-2026,21,2026-01-07,Brentford FC,Sunderland AFC,H,H,True,0.72634435,0.055670835,0.21798486
2025-2026,21,2026-01-07,Burnley FC,Manchester United FC,H,D,False,0.56222093,0.32493111,0.11284795
2025-2026,21,2026-01-07,Crystal Palace FC,Aston Villa FC,H,D,False,0.48163986,0.36671695,0.15164322
2025-2026,21,2026-01-07,Everton FC,Wolverhampton Wanderers FC,H,D,False,0.72232157,0.14514697,0.13253152
2025-2026,21,2026-01-07,Fulham FC,Chelsea FC,H,H,True,0.4978019,0.39708292,0.105115175
2025-2026,21,2026-01-07,Manchester City FC,Brighton & Hove Albion FC,H,D,False,0.6623878,0.09915781,0.2384544
2025-2026,21,2026-01-07,Newcastle United FC,Leeds United FC,D,H,False,0.38658166,0.41272947,0.20068881
2025-2026,21,2026-01-08,Arsenal FC,Liverpool FC,H,D,False,0.60383904,0.0447269,0.35143405
2025-2026,22,2026-01-17,Chelsea FC,Brentford FC,H,H,True,0.6607203,0.15535006,0.18392959
2025-2026,22,2026-01-17,Leeds United FC,Fulham FC,D,H,False,0.15646845,0.61942136,0.22411013
2025-2026,22,2026-01-17,Liverpool FC,Burnley FC,D,D,True,0.27927244,0.63920736,0.08152017
2025-2026,22,2026-01-17,Manchester United FC,Manchester City FC,H,H,True,0.72354805,0.14554973,0.13090217
2025-2026,22,2026-01-17,Nottingham Forest FC,Arsenal FC,H,D,False,0.4773316,0.2886165,0.23405188
2025-2026,22,2026-01-17,Sunderland AFC,Crystal Palace FC,H,H,True,0.45721883,0.3896076,0.1531736
2025-2026,22,2026-01-17,Tottenham Hotspur FC,West Ham United FC,H,A,False,0.43147045,0.27675605,0.29177347
2025-2026,23,2026-01-24,AFC Bournemouth,Liverpool FC,A,H,False,0.29519615,0.2973327,0.40747115
2025-2026,23,2026-01-24,Burnley FC,Tottenham Hotspur FC,H,D,False,0.5453141,0.23593353,0.21875235
2025-2026,23,2026-01-24,Fulham FC,Brighton & Hove Albion FC,H,H,True,0.64273024,0.15150936,0.2057604
2025-2026,23,2026-01-24,Manchester City FC,Wolverhampton Wanderers FC,H,H,True,0.81265837,0.07261026,0.114731394
2025-2026,23,2026-01-24,West Ham United FC,Sunderland AFC,H,H,True,0.6390337,0.2188455,0.14212081
2025-2026,24,2026-01-31,Brighton & Hove Albion FC,Everton FC,H,D,False,0.5985856,0.07849609,0.3229183
2025-2026,24,2026-01-31,Chelsea FC,West Ham United FC,H,H,True,0.61160076,0.10291913,0.2854801
2025-2026,24,2026-01-31,Leeds United FC,Arsenal FC,D,A,False,0.117845975,0.8110422,0.071111865
2025-2026,24,2026-01-31,Liverpool FC,Newcastle United FC,D,H,False,0.20894876,0.7134612,0.07759004
2025-2026,24,2026-01-31,Wolverhampton Wanderers FC,AFC Bournemouth,H,A,False,0.654461,0.19562206,0.14991698
2025-2026,25,2026-02-07,AFC Bournemouth,Aston Villa FC,D,D,True,0.3063553,0.43929607,0.25434867
2025-2026,25,2026-02-07,Arsenal FC,Sunderland AFC,H,H,True,0.66317946,0.06109017,0.2757304
2025-2026,25,2026-02-07,Burnley FC,West Ham United FC,H,A,False,0.3819718,0.26869664,0.3493316
2025-2026,25,2026-02-07,Fulham FC,Everton FC,H,A,False,0.53176254,0.23765454,0.23058292
2025-2026,25,2026-02-07,Manchester United FC,Tottenham Hotspur FC,H,H,True,0.58938426,0.12983522,0.2807805
2025-2026,25,2026-02-07,Newcastle United FC,Brentford FC,H,A,False,0.5220533,0.38413936,0.09380732
2025-2026,25,2026-02-07,Wolverhampton Wanderers FC,Chelsea FC,H,A,False,0.5398201,0.23048736,0.22969255
2025-2026,26,2026-02-11,Aston Villa FC,Brighton & Hove Albion FC,H,H,True,0.5746655,0.06129409,0.3640404
2025-2026,26,2026-02-11,Crystal Palace FC,Burnley FC,D,A,False,0.3720563,0.48758185,0.14036188
2025-2026,26,2026-02-11,Manchester City FC,Fulham FC,A,H,False,0.35031712,0.091579795,0.55810314
2025-2026,26,2026-02-11,Nottingham Forest FC,Wolverhampton Wanderers FC,H,D,False,0.84744936,0.09488833,0.057662357
2025-2026,26,2026-02-11,Sunderland AFC,Liverpool FC,H,A,False,0.45513323,0.39883384,0.14603294
2025-2026,27,2026-02-21,Aston Villa FC,Leeds United FC,A,D,False,0.23060536,0.08889294,0.6805017
2025-2026,27,2026-02-21,Brentford FC,Brighton & Hove Albion FC,H,A,False,0.75885224,0.064003535,0.17714423
2025-2026,27,2026-02-21,Chelsea FC,Burnley FC,H,D,False,0.652373,0.12208615,0.22554085
2025-2026,27,2026-02-21,Manchester City FC,Newcastle United FC,H,H,True,0.5629402,0.10624979,0.33081
2025-2026,27,2026-02-21,West Ham United FC,AFC Bournemouth,H,D,False,0.5135379,0.35127008,0.135192
2025-2026,28,2026-02-28,AFC Bournemouth,Sunderland AFC,A,D,False,0.3019081,0.31914866,0.37894323
2025-2026,28,2026-02-28,Burnley FC,Brentford FC,H,A,False,0.55527484,0.22462106,0.2201041
2025-2026,28,2026-02-28,Leeds United FC,Manchester City FC,D,A,False,0.32916504,0.55141926,0.119415715
2025-2026,28,2026-02-28,Liverpool FC,West Ham United FC,D,H,False,0.29741335,0.6082721,0.09431456
2025-2026,28,2026-02-28,Newcastle United FC,Everton FC,H,A,False,0.50034857,0.37276495,0.12688649
2025-2026,29,2026-03-04,Aston Villa FC,Chelsea FC,A,A,True,0.3652593,0.099932574,0.5348081
2025-2026,29,2026-03-04,Brighton & Hove Albion FC,Arsenal FC,H,A,False,0.6116098,0.13745306,0.2509371
2025-2026,29,2026-03-04,Fulham FC,West Ham United FC,H,A,False,0.43621838,0.24145792,0.32232365
2025-2026,29,2026-03-04,Manchester City FC,Nottingham Forest FC,A,D,False,0.39313513,0.11117634,0.49568856
2025-2026,29,2026-03-04,Newcastle United FC,Manchester United FC,D,H,False,0.3813383,0.5483434,0.070318304
2025-2026,30,2026-03-14,Arsenal FC,Everton FC,H,H,True,0.6182311,0.03909027,0.34267864
2025-2026,30,2026-03-14,Burnley FC,AFC Bournemouth,H,D,False,0.6129137,0.16901079,0.21807548
2025-2026,30,2026-03-14,Chelsea FC,Newcastle United FC,H,A,False,0.4768684,0.20488806,0.31824353
2025-2026,30,2026-03-14,Sunderland AFC,Brighton & Hove Albion FC,H,A,False,0.574977,0.23675272,0.1882703
2025-2026,30,2026-03-14,West Ham United FC,Manchester City FC,H,D,False,0.48882055,0.39984444,0.111335024
2025-2026,31,2026-03-21,Brighton & Hove Albion FC,Liverpool FC,H,H,True,0.59123844,0.082341164,0.32642043
2025-2026,31,2026-03-21,Everton FC,Chelsea FC,D,H,False,0.2917825,0.61260134,0.09561618
2025-2026,31,2026-03-21,Fulham FC,Burnley FC,H,H,True,0.45017058,0.29182068,0.25800875
2025-2026,31,2026-03-21,Leeds United FC,Brentford FC,D,D,True,0.42531377,0.43515557,0.13953058
2025-2026,32,2026-04-11,Arsenal FC,AFC Bournemouth,H,A,False,0.50922835,0.071022786,0.4197489
2025-2026,32,2026-04-11,Brentford FC,Everton FC,A,D,False,0.41868156,0.07590617,0.5054122
2025-2026,32,2026-04-11,Burnley FC,Brighton & Hove Albion FC,H,A,False,0.5586384,0.18592724,0.25543442
2025-2026,32,2026-04-11,Liverpool FC,Fulham FC,D,H,False,0.16729155,0.74181366,0.09089477
2025-2026,33,2026-04-18,Brentford FC,Fulham FC,A,D,False,0.30504495,0.13556217,0.55939287
2025-2026,33,2026-04-18,Chelsea FC,Manchester United FC,H,A,False,0.6030109,0.09946143,0.2975277
2025-2026,33,2026-04-18,Leeds United FC,Wolverhampton Wanderers FC,H,H,True,0.6871788,0.23928714,0.07353407
2025-2026,33,2026-04-18,Newcastle United FC,AFC Bournemouth,H,A,False,0.5221397,0.3367848,0.14107548
2025-2026,33,2026-04-18,Tottenham Hotspur FC,Brighton & Hove Albion FC,H,D,False,0.5920192,0.14180516,0.2661756
2025-2026,34,2026-04-25,Arsenal FC,Newcastle United FC,A,H,False,0.4368277,0.06214155,0.5010308
2025-2026,34,2026-04-25,Fulham FC,Aston Villa FC,H,H,True,0.64733356,0.27115822,0.08150819
2025-2026,34,2026-04-25,Liverpool FC,Crystal Palace FC,D,H,False,0.32332045,0.5729636,0.103715986
2025-2026,34,2026-04-25,West Ham United FC,Everton FC,D,H,False,0.391529,0.4028086,0.20566241
2025-2026,34,2026-04-25,Wolverhampton Wanderers FC,Tottenham Hotspur FC,H,A,False,0.6404203,0.20334709,0.15623263
2025-2026,35,2026-05-02,Arsenal FC,Fulham FC,A,H,False,0.37587887,0.057236984,0.56688416
2025-2026,35,2026-05-02,Brentford FC,West Ham United FC,H,H,True,0.441449,0.1742859,0.38426507
2025-2026,35,2026-05-02,Newcastle United FC,Brighton & Hove Albion FC,H,H,True,0.528242,0.3081095,0.16364855
2025-2026,35,2026-05-02,Wolverhampton Wanderers FC,Sunderland AFC,H,D,False,0.6480056,0.16263732,0.1893571
